FGC,"fighter, fighting game community, fgc, CEO, EVO"
E-Sports,"StarCraft, Moba, League of Legends, FPS, Call Of Duty"
People,
"Penny Arcade Expo",
"pax east",
Pax,
"Pau Gasol",
"Patrick Klepek",
Paris,
"Pa rapper the rapper",
p,
"Optical illusion",
"online gaming",
"Online game",
"Online Communities",
nxistence.net,
Nun,
"Northern Cyprus",
noir,
"Nintendo Entertainment System",
Nintendo,
Ninja,
Ni'lin,
"nfl 2k5",
"next gen consoles",
"News and Reviews",
"New Zealand",
"New York City",
"New York",
"New Orleans",
"New Hampshire",
"NetherRealm Studios",
NES,
"nerdgasm noire",
NBA2k13,
"nba live series",
"NBA Live 13",
"NBA All-Star Weekend Slam Dunk Contest",
"NBA 2k13",
Nba,
"National Basketball Association",
"Napoleon Dynamite",
mw3,
"music creation tool",
Music,
"Museum of Moving Image",
"Multiplayer video game",
"multiplayer beta",
MotionScan,
"motion capture",
"Mortal Kombat",
"Monty Python",
"Monster &amp; Glitch",
"Monopolies and Oligopolies",
"Modnation Racers",
MMO,
"mobile game",
Minecraft,
MilkManiac,
Microsoft,
"Michael Jordan",
"Media Molecule",
Math,
"Massively multiplayer online game",
"martian manhunter",
"Marc ekco",
"Manute Bol",
"Major League Gaming",
"Maine College of Art",
Maine,
"Lucha libre",
"Los Angeles Lakers",
"lollipop chainsaw",
Lobo,
LittleBigPlanet,
Literature,
"List of Farscape characters",
"List of characters in Suikoden II",
"Life is Magic",
LGBT,
"Level (video gaming)",
leaked,
"Later... with Jools Holland",
"LA Noire",
"L.A. Noire",
"Kyrie Irving",
Kratos,
Kotaku,
Korg,
konami,
"Koko B. Ware",
"Koch Media",
"Kobe Bryant",
Kinect,
"Killzone: Shadowfall",
Kickstarter,
"Kenny Smith",
"Ken Levine",
"Kellee Santiago",
"Kazuo Hirai",
Katrina,
Jordan,
Journey,
jool2306,
Jool,
joo,
"John Madden",
"John Hemingway",
"Jimmy Fallon",
"Jim Guthrie",
"Jetpack Joyride",
"jet set radio",
"Jessica nigri",
"Jenova Chen",
"Jenna Hoffstein",
Jay-Z,
Jay,
Jam,
"J Allard",
"ITunes Store",
iTunes,
Isaac,
"Irrational Games",
iPhone,
iPad,
iOS,
"IO Interactive",
interview,
"Internet Protocol",
interconnectivity,
"Interactive Entertainment Warner Bros",
"Insulin analog",
Instagram,
injustice-gods-among-us,
"Infamous: Second Son",
"Infamous 2",
"IndieCade East",
IndieCade,
"Indie game",
Indecision,
Illinois,
"I Am Robot and Proud",
Hypefestation,
"Hurricane Katrina",
hurricane,
horror,
Holidays,
hitman-absolution,
Hitman,
Hip-Hop,
"Harley Quinn",
"Hand-to-hand combat",
Halloween,
Guacamelee,
"green lantern",
"Graphic design",
"Grand Theft Auto",
"Gram-positive bacteria",
Graffiti,
Google,
"Golden Arrow",
"God Of War:Acension",
"Girl Talk",
"God of War",
"Giant Bomb",
"ghost recon future soldier",
"Ghost Recon",
Gezouten,
"getting up: contents under pressure",
"Geoff Keighley",
"Gears of War 2",
"Gears of War",
gearbox,
"Gay community",
gaming,
gametrailers,
Gamestop,
Gamespot,
Gamescom,
Games,
"gamers against bigotry",
Gamer,
gameplay,
Gamepad,
GameJam,
Gamefly,
GameBattles,
"Game of the Year",
"Game mechanics",
"game lovers",
"Game design",
Game,
"Game controller",
Gaikai,
"Frobisher Says",
FreeStyleGames,
Flow,
Flower,
"First-person shooter",
Firmware,
"Fighting game",
Fez,
Fes,
"Felicia Day",
Facebook,
"Everyday Shooter",
Eurogamer,
"Escape Plan",
"epic games",
epic,
"endless runner",
"Electronic sports",
"Electronic Arts",
"Elder Scrolls V: Skyrim",
"Elder Scrolls",
"El Shaddai",
"Ed Boon",
Economic,
EBay,
"Eat Sleep Play",
"Eastern Time Zone",
"East Coast of the United States",
"Earth Sciences",
"Earth Alliance (Babylon 5)",
Earl,
"EA Sports",
E3,
EA,
Dynamo,
Dynamighty,
"Dwight Howard",
DUSTINISGOOD,
Dustin,
"dunk contest",
"dualshock 4",
"Dual Analog Controller",
drinkboxstudios,
"Drinkbox Studio",
Dreamcast,
Downloads,
"Downloadable content",
downloadable,
"double dribble",
"Double Dragon",
"Don Mattrick",
DLC,
discrimination,
"Disc jockey",
DigitalPress,
"Digital rights management",
"Deus Ex",
Desura,
"Derrick Coleman",
Denver,
"Democratic Party (United States)",
Def-Poetry,
"Death Row Records",
DeadSpace,
DeadEndThrills,
"Dead Space 3",
"Dead Space 2",
"Dead Space",
"Dead Island",
"DC Comics",
"David Jaffe",
"Dark Souls",
"Daily Show",
Daftbomb,
"Cross Assault",
"Creed 3",
Creed,
"Creative director",
"Cowboy Bebop",
Counterspy,
Cooking,
"Console Platforms",
"Comedy Central",
"collecting dust",
ColecoVision,
"Cold War",
"cloud gaming",
"Chats and Forums",
"Charles Barkley",
"Character Select",
"Cel-shaded animation",
Capcom,
camaraderie,
"Call of Duty: Modern Warfare 3",
"Call of Duty 4: Modern Warfare",
"Business Services",
Business,
Bungie,
bulletstorm,
"Browser game",
"Brick Breaker",
"Brick (electronics)",
Boston,
"Boss (video gaming)",
"borderlands 2",
Borderlands,
Bluetooth,
Blindside,
Bladepad,
BioShockInfinite,
"Bioshock Infinite",
Bioshock,
bigotry,
"Big Daddy",
bethesda,
Below,
Beck,
beatmania,
BBC,
"Battlefield 4",
Battlefiel,
batman,
Batgirl,
basketball,
Bane,
"Ballpoint Universe",
"Ballpoint pen",
Baiyon,
Bacon,
b-boy,
Awards,
"Augmented Reality",
AudioVisual,
"audio canvas",
"Atmospheric Sciences",
"Astoria Queens",
"assassins creed 3",
"Assassin's Creed 2",
"Assassin's Creed",
"Assassin Creed",
Assassin,
Ascension,
Arts,
"art style",
art,
arkham,
"arkham city",
arkanoid,
ares,
"arcade cabinets",
"Arachnid Games",
"Aos SÃ­",
Anticipated,
Anoy,
"Anita Sarkeesian",
Android,
"American Red Cross",
"Alex Hutchinson",
"Alan Wake",
"Agent 47",
"afrika bambaataa",
Adrift,
Activision,
Action,
Absolution,
Abobo,
"505 Games",
"3D printing",
2ksports,
2KPlay,
2k,
2012,
2011,
#xboxreveal,
#tspe3,
#SoundShapers,
ICYMI,
"Personal computer",
"Phantom Pain",
"Phil Fish",
Pixeljunk,
"PixelJunk 4am",
"Platform game",
Platformer,
Playstation,
"PlayStation 3",
"PlayStation 3 system software",
"playstation 4",
"Playstation Blog",
"Playstation Move",
"PlayStation Network",
"PlayStation Portable",
"PlayStation Vita",
PlaystationVita,
Podcast,
politics,
Polygon.com,
"Portal 2",
"Portland Maine",
"Power Girl",
"Power Stone",
"Primal Rage",
"Pro Gamer",
"Project Spark",
"PS Move",
"PS VITA",
PS3,
PS4,
psn,
PSP,
"psp sony",
Puzzle,
Q-Games,
QTE,
"Quantic Dream",
"Quantum Break",
"Queasy Games",
"Randy Pitchford",
Rapping,
"Recount (film)",
Recreation,
"Red Hood",
"red ring of death",
"red ring of death xbox",
Redespair,
REDMOND,
"Redmond Washington",
RedRobot,
"Remote Play",
"republican debate",
Republicans,
Respawn,
Retrogaming,
"Rex Crowle",
Rez,
"Rhythm Heaven",
"ring of death",
"River City Ransom",
"Role-playing game",
"Rowan Parker",
RPG,
RROD,
"rube goldberg",
"runner game",
Saints,
"Saints Row",
"Saints Row 4",
"Sam Spade",
"Samurai Showdown",
"San Francisco",
"Santa Monica California",
Schutzstaffel,
Scorpion,
"Scottie Pippen",
"scrimmage against",
"Season Pass",
Sega,
"Sega Master System",
"sexy nuns",
"Shadows of the Damned",
"Shane Bettenhausen",
Shaper,
Shatter,
"Sherry Nhan",
SherryJenix,
Shump,
sidhe,
"signature moves",
Skype,
Skyrim,
"Smear campaign",
Snoop,
"Snoop Dogg",
"Snoop Lion",
"Social Networking",
sony,
"Sony Entertainment Network",
SonySantaMonica,
"Sound Scapes",
"Sound Shapes",
SoundShaper,
"Space Invaders",
"Spawning (video gaming)",
SPike,
"Spike (TV channel)",
sports,
"Sports game",
"Square Enix",
Starhawk,
"Stealth game",
Steam,
"Still Alive",
"Street Fighter",
"street fighter 3",
"Street Fighter X Tekken",
Sub-Zero,
"Suge Knight",
"Sunset Overdrive",
"Super Bowl",
superman,
"System Shock",
taito,
"taliban kweli",
Tart,
teabag,
Tearaway,
"Technology tree",
Television,
"Temple Run",
TeRRoR,
ThatGameCompany,
"The Elder Scrolls IV: Oblivion",
"The Last Of US",
"The Order 1886",
TheBeejAbides,
theflash,
thespawnpointblog.com,
THQ,
TitanFall,
"toejam and earl",
"Tomb Raider",
TonyTough,
"Too Short",
Trade,
"Tribute Games",
"Twisted Metal",
"Twitch TV",
Twitter,
Ubisoft,
Uncharted,
"Uncharted 2",
"United States",
"unreal engine",
USB,
Valve,
Vertigo,
VGA's,
"Video game",
"Video game console",
"Video Games",
videogame,
videogames,
"Virtual Boy",
"Visceral Games",
Vita,
"Vita Hill Social Club",
Voldo,
Volition,
Warhawk,
"Warner Bros",
"way of the dogg",
"Weapon of mass destruction",
"Wii U",
Wired.com,
Wizorb,
"women gamers",
"World of Warcraft",
"Writing Instruments",
Xbox,
"Xbox 180",
"Xbox 360",
"Xbox 360 technical problems",
"Xbox Live Arcade",
"Xbox One",
Youtube,
zeus,
Video,
"Battlefield 3",
"playstation plus",
PS+,
"Pool Nation",
"Cherry Pop Games",
Pool,
Billiards,
Review,
"shareef jackson",
shareefjackson.com,
"operation cubicle",
"martin legget",
nerdylittlesecret.com,
"the super jawncast",
8bitanimal,
"google hangout",
g+,
2013,
"Ryan Davis",
Giantbomb,
GTAV,
"Grand Theft Auto V",
"Rockstar Games",
trailer,
EVO,
"EVO 2013",
CEO,
"CEO 2013",
"Alex Jebailey",
Yipes,
"Perfect Legend",
NYChrisG,
Fchamp,
government,
"government regulation",
"competitive gaming",
